City_ID,City,Lat,Lng,Max Temp,Humidity,Cloudiness,Wind Speed,Country,Date
0,puerto baquerizo moreno,-0.9,-89.6,28.55,79,40,4.12,EC,1712864827
1,tralee,52.2704,-9.7026,12.27,96,100,3.54,IE,1712864869
2,port-aux-francais,-49.35,70.2167,5.84,93,99,5.44,TF,1712864870
3,port mathurin,-19.6833,63.4167,27.06,76,2,4.4,MU,1712864870
4,grytviken,-54.2811,-36.5092,-0.44,73,19,5.43,GS,1712864824
5,susuman,62.7833,148.1667,-20.01,100,99,0.45,RU,1712864870
6,karratha,-20.7377,116.8463,26.86,72,38,3.0,AU,1712864845
7,hermanus,-34.4187,19.2345,14.89,71,10,7.98,ZA,1712864870
8,college,64.8569,-147.8028,3.93,58,100,2.06,US,1712864870
9,jamestown,42.097,-79.2353,20.77,85,100,4.63,US,1712864871
10,atafu village,-8.5421,-172.5159,29.35,77,63,3.91,TK,1712864853
11,longyearbyen,78.2186,15.6401,-15.09,72,0,5.14,SJ,1712864871
12,adamstown,-25.066,-130.1015,21.15,55,2,6.98,PN,1712864871
13,waitangi,-43.9535,-176.5597,16.01,95,100,3.58,NZ,1712864826
14,puerto ayora,-0.7393,-90.3518,29.98,91,37,2.24,EC,1712864871
15,ta`u,-14.2336,-169.5144,28.63,80,6,4.35,AS,1712864871
16,jinchang,38.4953,102.1739,11.84,38,37,1.03,CN,1712864872
17,avarua,-21.2078,-159.775,28.03,83,75,7.2,CK,1712864804
18,choibalsan,48.0667,114.5,5.9,69,66,2.64,MN,1712864872
19,argostolion,38.1811,20.489,20.41,32,2,2.22,GR,1712864872
20,naduvattam,11.4833,76.5667,15.57,76,3,1.81,IN,1712864872
21,yellowknife,62.456,-114.3525,2.45,81,75,6.69,CA,1712864825
22,gulf breeze,30.3571,-87.1639,23.01,62,100,5.14,US,1712864619
23,bethel,41.3712,-73.414,16.47,85,100,4.12,US,1712864873
24,papatowai,-46.5619,169.4708,7.29,88,100,2.36,NZ,1712864853
25,tsiombe,-25.3,45.4833,20.99,84,94,2.25,MG,1712864848
26,albany,42.6001,-73.9662,15.13,79,100,1.79,US,1712864873
27,kampene,-3.6,26.6667,21.97,99,100,1.07,CD,1712864873
28,tanabe,33.7333,135.3667,11.23,81,100,2.19,JP,1712864873
29,luderitz,-26.6481,15.1594,21.35,52,0,3.34,NA,1712864874
30,el porvenir,13.7617,-87.3458,34.63,17,34,3.72,HN,1712864874
31,thompson,55.7435,-97.8558,2.09,69,75,5.14,CA,1712864864
32,nantucket,41.2835,-70.0995,11.06,94,75,4.12,US,1712864836
33,fale old settlement,-9.3852,-171.2468,29.51,77,30,3.02,TK,1712864874
34,margaret river,-33.95,115.0667,12.62,81,6,5.28,AU,1712864842
35,bilibino,68.0546,166.4372,-16.12,95,100,0.81,RU,1712864875
36,carry-le-rouet,43.3314,5.1524,16.39,55,0,3.09,FR,1712864875
37,fortuna,40.5982,-124.1573,15.37,85,75,4.12,US,1712864875
38,invercargill,-46.4,168.35,7.79,91,100,2.63,NZ,1712864750
39,puerto natales,-51.7236,-72.4875,10.25,53,0,5.66,CL,1712864875
40,edinburgh of the seven seas,-37.0676,-12.3116,18.45,95,94,6.43,SH,1712864875
41,salahonda,2.1019,-78.7217,27.57,76,59,4.51,CO,1712864876
42,buala,-8.145,159.5921,26.96,80,100,1.49,SB,1712864876
43,cabo san lucas,22.8909,-109.9124,28.12,40,20,4.63,MX,1712864628
44,keflavik,64.0049,-22.5624,5.95,87,75,7.2,IS,1712864849
45,barkly west,-28.5354,24.5215,11.6,27,0,4.98,ZA,1712864877
46,sitka,57.0531,-135.33,5.94,70,20,4.63,US,1712864877
47,tiksi,71.6872,128.8694,-28.2,96,21,5.19,RU,1712864831
48,west island,-12.1568,96.8225,25.99,83,53,2.06,CC,1712864877
49,wailua homesteads,22.0669,-159.378,26.24,87,100,3.09,US,1712864852
50,smithers,54.7804,-127.1743,6.18,81,100,3.09,CA,1712864877
51,quellon,-43.1167,-73.6167,12.64,55,0,1.77,CL,1712864848
52,port elizabeth,-33.918,25.5701,15.05,84,0,5.14,ZA,1712864878
53,punta del este,-34.9667,-54.95,18.06,67,75,5.66,UY,1712864878
54,vorgashor,67.5833,63.95,-9.55,87,100,11.38,RU,1712864825
55,praia da vitoria,38.7333,-27.0667,19.14,77,75,3.84,PT,1712864856
56,san antonio de pale,-1.4014,5.6325,27.08,82,100,6.65,GQ,1712864878
57,olonkinbyen,70.9221,-8.7187,-8.57,81,100,5.21,SJ,1712864827
58,whitehorse,60.7161,-135.0538,5.43,44,20,3.6,CA,1712864879
59,sao francisco de paula,-29.4481,-50.5836,17.79,100,100,1.29,BR,1712864879
60,ha'il,27.5219,41.6907,22.01,30,0,4.12,SA,1712864879
61,mariana,-20.3778,-43.4161,23.92,87,94,0.95,BR,1712864879
62,auki,-8.7676,160.7034,24.49,86,100,1.69,SB,1712864880
63,aasiaat,68.7098,-52.8699,-4.63,85,100,1.39,GL,1712864825
64,isafjordur,66.0755,-23.124,-2.4,95,100,14.39,IS,1712864841
65,timbuktu,16.7735,-3.0074,35.1,8,100,4.73,ML,1712864880
66,petropavlovsk-kamchatsky,53.0452,158.6483,-0.67,71,0,11.62,RU,1712864880
67,wad rawah,15.1603,33.1397,30.17,9,59,5.79,SD,1712864880
68,berezovo,63.9381,65.0419,-2.52,96,100,8.8,RU,1712864881
69,ciudad lazaro cardenas,17.9583,-102.2,28.44,58,1,4.4,MX,1712864848
70,blackmans bay,-43.0167,147.3167,10.29,87,64,0.89,AU,1712864881
71,gadzhiyevo,69.2551,33.3362,1.11,98,100,10.19,RU,1712864881
72,thurgoona,-36.0451,146.9919,8.14,100,0,1.54,AU,1712864881
73,badger,64.8,-147.5333,3.88,58,100,2.06,US,1712864881
74,stanley,54.868,-1.6985,13.77,83,40,3.09,GB,1712864881
75,ushuaia,-54.8,-68.3,8.81,57,0,11.83,AR,1712864787
76,tura,25.5198,90.2201,24.87,37,100,1.24,IN,1712864882
77,kone,-21.0595,164.8658,22.56,89,100,1.49,NC,1712864882
78,codrington,-38.2667,141.9667,13.32,70,98,3.15,AU,1712864863
79,laguna,38.421,-121.4238,28.13,49,0,0.45,US,1712864674
80,hawaiian paradise park,19.5933,-154.9731,22.8,98,100,3.09,US,1712864830
81,funafuti,-8.5243,179.1942,28.0,94,75,0.0,TV,1712864883
82,palopo,-2.9996,120.1921,23.96,96,100,1.08,ID,1712864883
83,enewetak,11.3474,162.3373,26.94,79,94,10.08,MH,1712864858
84,ribeira grande,38.5167,-28.7,16.22,88,20,2.57,PT,1712864883
85,minas de marcona,-15.2119,-75.1103,22.64,57,4,6.32,PE,1712864884
86,balaipungut,1.05,101.2833,23.82,98,98,0.74,ID,1712864884
87,saldanha,-33.0117,17.9442,19.03,54,6,6.15,ZA,1712864884
88,pesaro,43.9036,12.8903,17.41,69,100,3.27,IT,1712864884
89,mandalgovi,45.7625,106.2708,5.9,60,0,2.69,MN,1712864839
90,carahue,-38.7,-73.1667,20.57,30,0,2.43,CL,1712864884
91,dobryanka,58.4619,56.4165,9.59,92,100,5.88,RU,1712864885
92,chibougamau,49.9168,-74.3659,13.79,44,75,4.12,CA,1712864885
93,nikol'sk,53.7189,46.0712,14.41,88,100,3.52,RU,1712864885
94,mahajanga,-15.7167,46.3167,29.01,84,20,3.09,MG,1712864885
95,merizo village,13.2658,144.6691,27.31,91,100,5.76,GU,1712864885
96,vorkuta,67.5,64.0,-9.38,87,100,12.07,RU,1712864871
97,dalian,38.9122,121.6022,10.96,76,0,5.0,CN,1712864885
98,kasama,-10.2129,31.1808,17.79,98,100,1.31,ZM,1712864886
99,remire-montjoly,4.9167,-52.2667,31.02,70,75,7.72,GF,1712864886
100,piti village,13.4626,144.6933,27.49,88,20,3.09,GU,1712864886
101,crane,31.3974,-102.3501,25.25,15,0,4.69,US,1712864886
102,jabor,5.921,169.6434,27.49,84,100,8.49,MH,1712864886
103,trenggalek,-8.05,111.7167,24.62,96,100,0.92,ID,1712864886
104,champerico,14.3,-91.9167,36.3,62,72,6.31,GT,1712864887
105,selfoss,63.9331,-20.9971,4.47,98,100,4.14,IS,1712864831
106,sao raimundo nonato,-9.0153,-42.6994,30.71,53,83,2.0,BR,1712864887
107,okha,53.5739,142.9478,-1.53,96,51,4.02,RU,1712864887
108,dryden,49.7833,-92.7503,10.16,57,100,3.6,CA,1712864887
109,meulaboh,4.1363,96.1285,26.01,88,100,1.34,ID,1712864887
110,laojunmiao,39.8333,97.7333,9.08,27,6,1.43,CN,1712864887
111,kruisfontein,-34.0033,24.7314,13.82,74,3,2.66,ZA,1712864888
112,ambodifotatra,-16.9833,49.85,28.03,87,36,7.1,MG,1712864888
113,iskateley,67.6803,53.1512,1.68,100,100,7.6,RU,1712864854
114,dwarka,22.2394,68.9678,25.1,87,6,4.61,IN,1712864888
115,st. john's,47.5649,-52.7093,6.75,67,20,3.6,CA,1712864831
116,arteche,12.2645,125.4048,25.28,89,100,2.17,PH,1712864888
117,whakatane,-37.9585,176.9854,20.99,96,100,4.92,NZ,1712864889
118,georgetown,5.4112,100.3354,28.86,83,20,0.51,MY,1712864888
119,constantia,44.1833,28.65,14.38,61,11,1.69,RO,1712864645
120,wuhai,39.6647,106.8122,12.62,31,0,1.2,CN,1712864889
121,paraiso,9.8383,-83.8656,27.95,68,96,2.68,CR,1712864747
122,vadso,70.0744,29.7487,1.49,86,75,9.26,NO,1712864849
123,arraial do cabo,-22.9661,-42.0278,28.98,74,40,4.12,BR,1712864852
124,rikaze,29.25,88.8833,1.15,31,2,1.53,CN,1712864890
125,pont rouge,48.8833,-72.0825,8.16,74,100,3.51,CA,1712864890
126,belmonte,-15.8631,-38.8828,27.65,75,89,3.61,BR,1712864890
127,salinas,36.6777,-121.6555,30.55,62,0,2.57,US,1712864776
128,ketchikan,55.3422,-131.6461,6.86,81,100,5.14,US,1712864890
129,muynoq,43.7683,59.0214,12.01,83,100,11.93,UZ,1712864891
130,kodiak,57.79,-152.4072,-0.27,93,100,2.06,US,1712864891
131,alice springs,-23.7,133.8833,11.23,60,3,2.57,AU,1712864853
132,kingston,17.997,-76.7936,31.76,66,20,10.8,JM,1712864765
133,hilo,19.7297,-155.09,22.92,99,100,3.09,US,1712864637
134,ciro marina,39.3732,17.126,17.27,70,100,4.82,IT,1712864891
135,saipan,15.1355,145.701,26.39,83,40,5.14,MP,1712864891
136,dauphin,51.1494,-100.0502,10.08,62,100,2.57,CA,1712864892
137,qaqortoq,60.7167,-46.0333,-3.01,77,89,2.23,GL,1712864826
138,iqaluit,63.7506,-68.5145,-2.15,68,100,1.03,CA,1712864835
139,talnakh,69.4865,88.3972,-26.0,99,95,3.15,RU,1712864892
140,punta arenas,-53.15,-70.9167,11.01,57,0,7.2,CL,1712864715
141,lebu,-37.6167,-73.65,14.54,68,1,3.04,CL,1712864892
142,mossel bay,-34.1831,22.146,12.96,74,0,3.45,ZA,1712864893
143,ust-nera,64.5667,143.2,-12.9,96,88,2.76,RU,1712864893
144,hinthada,17.6333,95.4667,28.83,49,3,1.22,MM,1712864893
145,aztec,36.8222,-107.9929,17.95,16,0,4.4,US,1712864893
146,ivybridge,50.3904,-3.9191,11.26,96,81,4.51,GB,1712864893
147,tazacorte,28.629,-17.9293,22.54,64,0,6.17,ES,1712864877
148,san juan,-31.5375,-68.5364,15.79,46,56,5.04,AR,1712864728
149,puerto armuelles,8.2833,-82.8667,33.99,71,96,1.34,PA,1712864894
150,tshabong,-26.05,22.45,20.05,30,0,4.08,BW,1712864894
151,hammerfest,70.6634,23.6821,1.25,93,75,4.12,NO,1712864894
152,anaconda,46.1285,-112.9423,13.55,37,100,3.99,US,1712864894
153,sesheke,-17.4759,24.2968,22.85,49,100,1.94,ZM,1712864894
154,murun-kuren,49.6342,100.1625,1.16,98,100,1.77,MN,1712864879
155,benguela,-12.5763,13.4055,25.66,85,99,2.36,AO,1712864895
156,mount pearl,47.5166,-52.7813,6.29,66,20,3.6,CA,1712864895
157,fisterra,42.9049,-9.2629,18.19,71,100,2.47,ES,1712864895
158,egilsstadir,65.2653,-14.3948,0.95,93,100,4.12,IS,1712864895
159,trairi,-3.2778,-39.2689,26.72,88,99,2.69,BR,1712864597
160,gibraleon,37.3763,-6.969,18.95,69,24,1.66,ES,1712864895
161,callao,-12.0667,-77.15,28.16,61,0,5.14,PE,1712864896
162,lompoc,34.6391,-120.4579,28.21,61,0,4.12,US,1712864886
163,altamira,-3.2033,-52.2064,29.05,84,40,2.57,BR,1712864728
164,inhambane,-23.865,35.3833,21.99,83,75,3.13,MZ,1712864887
165,la ermita,20.4139,-101.9936,31.79,13,71,1.63,MX,1712864896
166,terrace,54.5163,-128.6035,7.34,81,75,6.17,CA,1712864896
167,pangkalpinang,-2.1333,106.1333,25.0,94,95,0.94,ID,1712864897
168,klyuchi,52.2667,79.1667,-0.59,75,100,4.95,RU,1712864897
169,lihue,21.9789,-159.3672,26.58,84,100,3.09,US,1712864835
170,kapa'a,22.0752,-159.319,26.99,87,100,3.09,US,1712864897
171,hithadhoo,-0.6,73.0833,28.99,73,100,2.3,MV,1712864848
172,topolobampo,25.6,-109.05,26.19,32,100,5.43,MX,1712864897
173,oroqen zizhiqi,50.5667,123.7167,4.18,84,100,1.82,CN,1712864898
174,millerovo,48.9226,40.3967,19.49,48,47,4.13,RU,1712864898
175,freetown,8.484,-13.2299,27.84,74,20,7.2,SL,1712864760
176,harper,4.375,-7.7169,25.3,89,100,2.31,LR,1712864898
177,carnarvon,-24.8667,113.6333,21.7,63,100,9.81,AU,1712864850
178,rio gallegos,-51.6226,-69.2181,14.03,35,0,11.83,AR,1712864653
179,vallenar,-28.5708,-70.7581,26.83,30,100,3.76,CL,1712864857
180,tripoli,32.8752,13.1875,16.12,75,100,8.95,LY,1712864668
181,kerman,30.2832,57.0788,17.92,39,75,8.23,IR,1712864721
182,mejit,10.2753,170.8646,26.45,78,100,8.27,MH,1712864885
183,devonport,-41.1667,146.35,10.25,80,49,3.35,AU,1712864899
184,ryotsu-minato,38.0833,138.4333,10.93,62,100,1.19,JP,1712864899
185,east london,-33.0153,27.9116,16.66,62,69,7.24,ZA,1712864849
186,port alfred,-33.5906,26.891,15.1,82,5,2.24,ZA,1712864862
187,obo,5.3998,26.4869,29.25,36,100,1.72,CF,1712864900
188,port lincoln,-34.7333,135.8667,14.41,72,100,3.15,AU,1712864900
189,portland,45.5234,-122.6762,17.23,58,75,3.13,US,1712864867
190,cudahy,33.9606,-118.1853,32.89,50,0,3.6,US,1712864635
191,nuku'alofa,-21.1333,-175.2,24.19,100,40,1.03,TO,1712864901
192,necochea,-38.5473,-58.7368,13.54,53,67,4.25,AR,1712864855
193,muli,2.9167,73.5667,29.63,69,49,0.84,MV,1712864901
194,kirakira,-10.4544,161.9205,26.14,81,100,1.33,SB,1712864902
195,bonthe,7.5264,-12.505,26.74,79,100,4.09,SL,1712864902
196,cabedelo,-6.9811,-34.8339,30.37,80,100,4.19,BR,1712864866
197,prado,-17.3411,-39.2208,27.06,77,36,3.63,BR,1712864778
198,cockburn town,21.4612,-71.1419,25.42,78,3,8.68,TC,1712864859
199,lorengau,-2.0226,147.2712,26.26,86,100,0.76,PG,1712864902
200,margate,51.3813,1.3862,13.26,86,59,3.58,GB,1712864780
201,yambio,4.5721,28.3955,24.92,65,99,2.6,SS,1712864903
202,mutare,-18.9707,32.6709,15.42,93,100,1.41,ZW,1712864903
203,kourou,5.1552,-52.6478,31.03,77,100,3.08,GF,1712864903
204,mugia,43.1041,-9.2179,18.28,72,100,1.75,ES,1712864903
205,seaside,36.6111,-121.8516,28.18,72,0,4.47,US,1712864878
206,vyazemskiy,47.5378,134.7525,7.24,86,57,1.8,RU,1712864903
207,alice,27.7523,-98.0697,31.69,20,0,5.66,US,1712864904
208,uturoa,-16.7333,-151.4333,28.51,79,29,7.45,PF,1712864904
209,neusiedl am see,47.9357,16.8325,17.07,67,61,3.1,AT,1712864904
210,la passe,45.5549,-0.8967,15.13,92,54,3.08,FR,1712864880
211,greymouth,-42.4667,171.2,12.39,88,44,4.21,NZ,1712864859
212,zambezi,-13.5432,23.1047,19.4,82,89,1.61,ZM,1712864905
213,anadyr,64.75,177.4833,-15.72,71,0,2.0,RU,1712864905
214,kinablangan,7.6947,126.5503,23.35,88,78,2.11,PH,1712864905
215,bredasdorp,-34.5322,20.0403,14.36,69,0,4.57,ZA,1712864905
216,mili,6.0815,171.735,27.24,85,100,8.58,MH,1712864905
217,sur,22.5667,59.5289,30.21,46,100,5.93,OM,1712864905
218,mayuge,0.4597,33.4803,20.16,87,82,2.33,UG,1712864906
219,nampa,43.5407,-116.5635,22.1,42,0,4.63,US,1712864666
220,lensk,60.7253,114.9278,-18.17,100,100,1.64,RU,1712864906
221,yarmouth,41.7057,-70.2286,13.41,94,100,3.09,US,1712864906
222,vilyuchinsk,52.9306,158.4028,0.15,81,5,4.58,RU,1712864866
223,sukhodol,53.9006,51.2117,12.87,73,100,6.62,RU,1712864906
224,impfondo,1.6381,18.0667,23.48,91,100,0.25,CG,1712864907
225,brodnica,53.2597,19.3965,14.65,60,100,4.16,PL,1712864907
226,nyurba,63.2842,118.3319,-21.49,99,68,2.54,RU,1712864907
227,san patricio,28.017,-97.5169,30.97,20,0,5.1,US,1712864907
228,el oro de hidalgo,19.8,-100.1333,22.9,13,1,5.74,MX,1712864907
229,quatre cocos,-20.2078,57.7625,26.72,86,9,2.0,MU,1712864907
230,andergrove,-21.0833,149.1833,18.69,82,12,5.05,AU,1712864908
231,xai-xai,-25.0519,33.6442,21.92,68,95,6.06,MZ,1712864908
232,cill airne,52.05,-9.5167,12.05,97,100,3.29,IE,1712864642
233,urazovo,50.0836,38.0395,20.47,48,18,1.02,RU,1712864908
234,villa mercedes,-33.6757,-65.4578,11.27,82,100,5.83,AR,1712864909
235,katabu,-4.9333,122.5167,23.62,97,20,0.45,ID,1712864909
236,xilin hot,43.9667,116.0333,10.64,45,100,3.54,CN,1712864909
237,rio grande,-32.035,-52.0986,22.06,61,100,6.48,BR,1712864776
238,san sebastian de la gomera,28.0916,-17.1133,31.2,28,0,0.51,ES,1712864909
239,toliara,-23.35,43.6667,24.4,72,100,3.89,MG,1712864909
240,kavieng,-2.5744,150.7967,26.92,82,98,1.76,PG,1712864910
241,kayangel,8.0823,134.7173,27.8,75,22,5.63,PW,1712864910
242,lezhe,41.7836,19.6436,15.18,58,4,2.93,AL,1712864910
243,mount gambier,-37.8333,140.7667,12.16,68,100,1.39,AU,1712864910
244,siwa oasis,29.2041,25.5195,22.91,20,0,4.43,EG,1712864910
245,zag,46.9441,99.165,-0.44,68,100,2.97,MN,1712864911
246,afaahiti,-17.75,-149.2833,27.93,85,100,7.35,PF,1712864911
247,broken hill,-31.95,141.4333,11.01,66,0,3.31,AU,1712864820
248,coos bay,43.3665,-124.2179,17.81,66,0,4.12,US,1712864911
249,utrik,11.2278,169.8474,26.6,76,100,9.51,MH,1712864828
250,sao gabriel da cachoeira,-0.1303,-67.0892,30.89,74,20,2.57,BR,1712864911
251,shendi,16.6915,33.4341,28.88,8,0,5.0,SD,1712864912
252,forio,40.7342,13.8646,17.51,81,100,4.02,IT,1712864912
253,vila velha,-20.3297,-40.2925,29.97,80,20,4.12,BR,1712864628
254,linxia chengguanzhen,35.6003,103.2064,9.37,30,57,1.18,CN,1712864912
255,la gi,10.6667,107.7833,26.12,84,65,6.01,VN,1712864912
256,hasaki,35.7333,140.8333,13.22,81,100,4.87,JP,1712864912
257,moundou,8.5667,16.0833,34.19,34,100,0.16,TD,1712864913
258,calvi,42.5,8.8333,13.35,72,0,3.09,FR,1712864913
259,fortaleza,-3.7227,-38.5247,30.07,79,20,4.63,BR,1712864700
260,yanbu,24.0891,38.0637,25.02,53,0,4.12,SA,1712864913
261,pahrump,36.2083,-115.9839,28.47,17,0,1.34,US,1712864913
262,yuzhno-kurilsk,44.0306,145.8556,4.65,76,100,4.38,RU,1712864867
263,bengkulu,-3.8004,102.2655,25.16,92,100,1.73,ID,1712864914
264,forster,-32.1667,152.5167,11.27,100,31,3.89,AU,1712864914
265,tolanaro,-25.0319,46.9987,24.04,83,40,3.09,MG,1712864831
266,port saint john's,-31.6229,29.5448,16.27,64,9,6.68,ZA,1712864864
267,nova vicosa,-17.8919,-39.3719,27.27,76,0,3.27,BR,1712864914
268,san matias,-16.3667,-58.4,27.77,82,100,2.26,BO,1712864915
269,island harbour,50.724,-1.2758,12.4,91,91,2.68,GB,1712864915
270,tateyama,34.9833,139.8667,14.5,86,96,5.67,JP,1712864915
271,alaghsas,17.0187,8.0168,33.2,10,100,3.85,NE,1712864915
272,gordonvale,-17.0936,145.7842,19.95,100,37,1.73,AU,1712864915
273,santa ana,33.7456,-117.8678,32.72,50,20,4.12,US,1712864915
274,las tablas,7.7667,-80.2833,31.01,65,100,5.65,PA,1712864916
275,tofol,5.3248,163.0078,27.08,85,100,6.58,FM,1712864916
276,la mira,18.035,-102.3266,29.1,52,0,4.47,MX,1712864916
277,muroto-misakicho,33.2833,134.15,15.15,76,100,4.83,JP,1712864916
278,martapura,-3.4167,114.85,24.16,96,100,0.38,ID,1712864916
279,canutama,-6.5339,-64.3831,30.23,64,99,0.37,BR,1712864916
280,ilulissat,69.2167,-51.1,-5.99,79,75,2.06,GL,1712864845
281,zaterechnyy,44.7931,45.2097,14.99,44,49,2.83,RU,1712864917
282,pacific grove,36.6177,-121.9166,26.88,74,0,4.47,US,1712864836
283,hamilton,39.1834,-84.5333,19.48,91,100,5.14,US,1712864658
284,akureyri,65.6835,-18.0878,2.96,75,75,4.12,IS,1712864917
285,belomorsk,64.5232,34.7668,3.49,77,11,7.68,RU,1712864875
286,flying fish cove,-10.4217,105.6791,26.82,83,40,4.63,CX,1712864917
287,murzuq,25.9155,13.9184,24.43,14,0,8.43,LY,1712864917
288,san luis,-33.295,-66.3356,10.54,84,100,0.93,AR,1712864767
289,inirida,3.8653,-67.9239,36.68,39,95,2.5,CO,1712864918
290,la ronge,55.1001,-105.2842,4.14,65,75,3.09,CA,1712864918
291,puerto aysen,-45.4,-72.7,14.92,58,0,1.32,CL,1712864881
292,obuase,6.206,-1.6619,24.44,87,100,1.44,GH,1712864918
293,dunedin,-45.8742,170.5036,8.22,99,100,1.79,NZ,1712864836
294,dolinsk,47.35,142.8,5.4,85,43,6.45,RU,1712864919
295,novaya igirma,57.1334,103.9112,-4.95,97,99,1.05,RU,1712864919
296,baneh,35.9975,45.8853,6.67,80,99,2.86,IR,1712864919
297,tarauaca,-8.1614,-70.7656,27.83,78,94,1.21,BR,1712864919
298,puerto santa,-8.9906,-78.6456,23.64,77,21,4.69,PE,1712864919
299,udachny,66.4167,112.4,-28.08,100,100,2.15,RU,1712864838
300,horta,38.5333,-28.6333,15.8,92,20,2.57,PT,1712864920
301,tucuma,-0.1833,-50.05,28.28,81,100,3.1,BR,1712864784
302,kuqa,41.7278,82.9364,16.35,24,5,0.75,CN,1712864920
303,geraldton,-28.7667,114.6,20.23,64,1,6.69,AU,1712864920
304,tazovsky,67.4667,78.7,-24.21,98,38,4.87,RU,1712864920
305,hami,42.8,93.45,14.79,31,2,4.28,CN,1712864920
306,junin de los andes,-39.9504,-71.0694,12.64,42,53,4.52,AR,1712864921
307,turpan,42.9333,89.1667,19.05,24,0,1.25,CN,1712864874
308,dudinka,69.4058,86.1778,-25.77,100,82,3.44,RU,1712864832
309,el calafate,-50.3408,-72.2768,9.35,55,5,2.59,AR,1712864921
310,motueka,-41.1333,173.0167,17.83,98,90,2.09,NZ,1712864921
311,farasan,16.7022,42.1183,28.55,73,13,3.05,SA,1712864921
312,vila franca do campo,37.7167,-25.4333,18.27,99,7,1.77,PT,1712864921
313,kimbe,-5.5502,150.1429,24.1,92,86,1.35,PG,1712864922
314,san fernando de apure,7.8878,-67.4724,39.38,23,18,4.18,VE,1712864759
315,michigan city,41.7075,-86.895,10.29,93,100,6.76,US,1712864795
316,wewak,-3.5534,143.6268,25.13,91,24,2.34,PG,1712864922
317,faya-largeau,17.9257,19.1043,28.45,11,49,6.41,TD,1712864922
318,salym,60.0625,71.4789,-6.67,85,100,5.28,RU,1712864923
319,urangan,-25.3,152.9,17.89,90,20,2.68,AU,1712864923
320,yurty,56.0498,97.6348,-2.15,95,100,2.74,RU,1712864923
321,le lavandou,43.137,6.366,18.2,65,0,1.03,FR,1712864923
322,puerto la cruz,10.2167,-64.6167,28.77,68,5,8.16,VE,1712864923
323,mvomero,-6.25,38.6667,25.01,95,6,1.24,TZ,1712864923
324,lubango,-14.9172,13.4925,20.92,78,5,2.57,AO,1712864924
325,rongelap,11.1635,166.8941,26.8,79,100,9.27,MH,1712864924
326,nar'yan-mar,67.6713,53.087,1.73,100,100,7.6,RU,1712864832
327,naroda,23.0833,72.6667,29.98,37,5,5.66,IN,1712864924
328,namibe,-15.1961,12.1522,22.67,73,1,3.6,AO,1712864924
329,klaksvik,62.2266,-6.589,9.51,94,100,13.74,FO,1712864924
330,howrah,22.5892,88.3103,27.0,61,40,1.54,IN,1712864881
331,huangshan,29.7114,118.3125,18.57,97,100,0.65,CN,1712864926
332,rudsar,37.1376,50.288,13.99,82,100,6.55,IR,1712864926
333,okhotsk,59.3833,143.3,-5.96,95,89,1.72,RU,1712864926
334,sorong,-0.8833,131.25,26.65,80,100,2.03,ID,1712864926
335,fereydun kenar,36.6864,52.5225,13.12,82,100,10.69,IR,1712864926
336,chongwe,-15.3292,28.682,19.36,95,73,4.65,ZM,1712864927
337,buka,40.8108,69.1986,17.01,70,100,3.64,UZ,1712864828
338,newnham,-41.3833,147.1333,7.04,100,80,2.06,AU,1712864927
339,koh kong,11.6175,102.9806,26.38,87,100,1.72,KH,1712864927
340,kidal,18.4411,1.4078,33.8,8,100,4.95,ML,1712864858
341,bomdila,27.25,92.4,3.37,82,100,2.78,IN,1712864928
342,anka,12.1138,5.9243,35.06,8,99,3.67,NG,1712864928
343,argo,37.6333,22.7333,17.29,42,100,4.04,GR,1712864928
344,lodeynoye pole,60.726,33.5531,4.37,89,100,6.06,RU,1712864700
345,port moresby,-9.4431,147.1797,25.05,86,84,5.55,PG,1712864849
346,palikir - national government center,6.9248,158.1611,25.41,94,100,0.0,FM,1712864876
347,khandyga,62.6667,135.6,-5.96,91,99,2.76,RU,1712864840
348,kolyshley,52.7005,44.5367,17.03,72,100,3.26,RU,1712864929
349,ephrata,40.1798,-76.1788,22.28,71,75,8.75,US,1712864925
350,tortoli,39.9256,9.6572,13.9,77,0,6.69,IT,1712864929
351,darnah,32.767,22.6367,16.82,76,100,6.4,LY,1712864930
352,mont-laurier,46.5501,-75.4993,10.79,90,100,4.23,CA,1712864656
353,ola,59.5833,151.2833,-7.7,90,48,2.33,RU,1712864930
354,nabire,-3.3667,135.4833,24.06,96,100,0.68,ID,1712864930
355,san pedro pochutla,15.7333,-96.4667,33.71,47,90,4.84,MX,1712864930
356,camana,-16.6228,-72.7111,22.89,78,28,3.17,PE,1712864851
357,al kharijah,25.4514,30.5464,22.35,28,75,3.87,EG,1712864930
358,kirensk,57.7853,108.1119,-2.24,95,100,0.89,RU,1712864931
359,badiyah,22.45,58.8,29.57,37,100,3.28,OM,1712864931
360,marrakesh,31.6315,-8.0083,32.04,12,0,1.54,MA,1712864931
361,ariquemes,-9.9133,-63.0408,27.76,92,100,1.85,BR,1712864698
362,newport,51.5877,-2.9984,15.98,95,100,5.9,GB,1712864760
363,as sulayyil,20.4607,45.5779,31.14,31,22,3.58,SA,1712864932
364,templin,53.1186,13.5022,12.68,84,85,3.44,DE,1712864932
365,cidreira,-30.1811,-50.2056,19.98,87,100,8.24,BR,1712864932
366,queenstown,-31.8976,26.8753,5.87,79,0,0.89,ZA,1712864848
367,crucecita,-28.95,-58.9833,17.47,84,100,5.93,AR,1712864933
368,moussoro,13.6408,16.4901,31.76,7,5,6.26,TD,1712864934
369,rundu,-17.9333,19.7667,23.38,54,84,1.69,NA,1712864934
370,ebon,4.582,168.6964,27.77,83,100,6.95,MH,1712864934
371,aioun,16.6614,-9.6149,37.08,13,99,5.31,MR,1712864934
372,nova xavantina,-14.6667,-52.35,29.09,76,41,0.85,BR,1712864934
373,antsiranana,-12.2787,49.2917,25.46,92,9,1.46,MG,1712864934
374,pyetrykaw,52.1289,28.4921,9.96,68,4,2.24,BY,1712864934
375,juneau,58.3019,-134.4197,4.67,93,100,4.63,US,1712864769
376,belokurikha,51.9959,84.9896,-0.58,98,100,4.96,RU,1712864935
377,mehran,33.1222,46.1646,22.08,42,43,2.6,IR,1712864935
378,sittwe,20.15,92.9,25.71,62,0,2.37,MM,1712864935
379,saint-philippe,-21.3585,55.7679,25.77,85,55,1.54,RE,1712864935
380,tommot,58.9564,126.2925,-4.85,95,100,1.17,RU,1712864936
381,umm kaddadah,13.6017,26.6876,26.65,12,9,5.64,SD,1712864936
382,paradip garh,20.3167,86.6167,26.55,55,23,0.46,IN,1712864936
383,san luis de la loma,17.2706,-100.8939,29.78,57,1,3.63,MX,1712864936
384,ar ruways,24.1103,52.7306,24.83,72,78,5.0,AE,1712864936
385,srinagar,34.0833,74.8167,10.97,76,88,1.57,IN,1712864687
386,paracuru,-3.41,-39.0306,28.95,88,93,3.2,BR,1712864660
387,grootfontein,-19.5667,18.1167,16.76,63,97,1.03,NA,1712864937
388,nadvoitsy,63.8667,34.3167,3.24,78,65,6.8,RU,1712864937
389,coquimbo,-29.9533,-71.3436,13.85,94,100,3.6,CL,1712864874
390,nikolayevsk-on-amure,53.1406,140.73,0.12,96,99,1.79,RU,1712864937
391,bereznik,62.8551,42.7072,4.81,77,100,6.28,RU,1712864835
392,zeya,53.75,127.2667,0.27,79,100,1.43,RU,1712864825
393,macusani,-14.0833,-70.4333,9.12,70,95,3.48,PE,1712864938
394,bandarbeyla,9.4942,50.8122,28.22,81,33,3.36,SO,1712864938
395,aykhal,66.0,111.5,-28.6,100,100,2.67,RU,1712864841
396,kodinsk,58.6881,99.1844,-5.31,98,100,0.71,RU,1712864938
397,novo aripuana,-5.1206,-60.3797,26.6,96,93,1.23,BR,1712864939
398,chapaev,50.2,51.1667,12.51,58,86,3.48,KZ,1712864939
399,taulaga,-11.0553,-171.0883,29.81,74,54,3.75,AS,1712864939
400,tarnogskiy gorodok,60.4997,43.5761,6.95,67,16,6.13,RU,1712864939
401,paka,4.6374,103.4368,25.96,94,93,0.0,MY,1712864861
402,hadibu,12.65,54.0333,27.82,77,98,2.3,YE,1712864939
403,campbellton,48.0075,-66.6727,3.25,99,100,1.12,CA,1712864872
404,pangoa,-12.1167,-73.0,28.16,71,87,1.52,PE,1712864940
405,humaita,-7.5061,-63.0208,27.89,80,86,1.54,BR,1712864940
406,dickinson,29.4608,-95.0513,28.37,34,0,6.69,US,1712864767
407,waingapu,-9.6567,120.2641,24.88,79,94,3.1,ID,1712864849
408,tafresh,34.692,50.013,6.59,87,100,5.2,IR,1712864941
409,tuba city,36.135,-111.2399,21.32,16,3,1.79,US,1712864941
410,chiredzi,-21.05,31.6667,20.44,73,88,4.8,ZW,1712864941
411,fort bragg,35.139,-79.006,22.91,76,100,6.69,US,1712864941
412,psachna,38.5833,23.6333,18.2,64,0,3.93,GR,1712864941
413,medyn',54.9692,35.8586,9.86,62,7,2.24,RU,1712864941
414,camalu,30.85,-116.0667,18.93,65,0,3.77,MX,1712864942
415,ocean shores,46.9737,-124.1563,12.2,87,100,3.13,US,1712864942
416,eenhana,-17.4667,16.3333,23.42,62,67,1.92,NA,1712864942
417,chui,-33.6971,-53.4616,18.07,60,95,4.08,UY,1712864789
418,ivdel',60.6911,60.4206,4.55,86,100,4.02,RU,1712864942
419,ouadda,8.0777,22.4007,27.15,16,20,2.79,CF,1712864943
420,pingnan,23.5543,110.3976,23.45,94,97,0.9,CN,1712864943
421,kertih,4.5141,103.4483,26.01,94,99,0.0,MY,1712864943
422,san angelo,31.4638,-100.437,26.88,21,0,2.06,US,1712864943
423,santana,-0.0583,-51.1817,30.1,79,75,4.63,BR,1712864874
424,ankazobe,-18.3167,47.1167,19.94,82,100,2.03,MG,1712864944
425,garachico,28.7781,-17.7646,21.06,64,0,6.17,ES,1712864944
426,boende,-0.2167,20.8667,26.29,73,97,1.1,CD,1712864866
427,la'ie,21.6477,-157.9253,26.98,80,100,4.47,US,1712864856
428,albertina,-22.2008,-46.6158,23.6,79,20,1.3,BR,1712864944
429,illizi,26.4833,8.4667,26.89,25,0,7.79,DZ,1712864944
430,dzhetygara,52.1908,61.2006,3.94,79,57,4.36,KZ,1712864944
431,usinsk,65.9939,57.5281,1.71,99,100,10.28,RU,1712864889
432,coyhaique,-45.5752,-72.0662,17.34,36,0,3.09,CL,1712864945
433,el haouaria,37.05,11.0144,15.01,68,100,6.39,TN,1712864945
434,na wa,17.4897,104.1006,28.29,60,2,2.84,TH,1712864945
435,olyokminsk,60.3736,120.4264,-8.46,86,97,3.69,RU,1712864945
436,isangel,-19.55,169.2667,25.06,94,75,0.0,VU,1712864946
437,bedford,52.1346,-0.4663,17.3,91,78,1.79,GB,1712864680
438,manta,-0.95,-80.7333,30.88,66,20,5.14,EC,1712864736
439,isiolo,0.3546,37.5822,22.48,77,46,1.74,KE,1712864946
440,kerikeri,-35.2268,173.9474,18.84,95,96,1.48,NZ,1712864756
441,olavarria,-36.8927,-60.3225,11.78,71,100,0.92,AR,1712864884
442,guanica,17.9716,-66.908,30.77,53,47,4.76,PR,1712864947
443,bodo,67.28,14.405,3.3,78,75,3.09,NO,1712864947
444,yesilhisar,38.3497,35.0867,10.82,79,50,1.98,TR,1712864947
445,menongue,-14.6585,17.691,19.58,88,98,2.21,AO,1712864947
446,nova olimpia,-14.7972,-57.2881,27.52,76,99,0.28,BR,1712864714
447,el nido,11.1858,119.3956,26.76,79,76,3.4,PH,1712864948
448,caconda,-13.7333,15.0667,17.95,92,100,1.53,AO,1712864948
449,djambala,-2.5447,14.7533,24.48,75,100,1.0,CG,1712864949
450,brookings,44.3114,-96.7984,10.81,69,100,11.32,US,1712864739
451,broome,42.2506,-75.833,18.17,86,100,5.14,US,1712864949
452,praia grande,-24.0058,-46.4028,26.08,70,20,1.03,BR,1712864791
453,christchurch,-43.5333,172.6333,11.06,95,100,7.2,NZ,1712864767
454,kalaleh,37.3807,55.4916,12.97,99,100,5.03,IR,1712864949
455,vreed-en-hoop,6.8093,-58.198,33.18,70,75,5.14,GY,1712864950
456,bardai,11.65,7.2333,30.31,9,100,4.04,NG,1712864845
457,rostov,57.1914,39.4139,9.39,61,71,4.29,RU,1712864950
458,new ulm,44.3125,-94.4605,14.18,47,40,12.35,US,1712864852
459,taltal,-25.4,-70.4833,19.87,73,68,3.6,CL,1712864865
460,sant'antioco,39.0664,8.4522,11.98,77,32,1.91,IT,1712864951
461,reggane,26.7158,0.1714,26.72,13,0,5.73,DZ,1712864951
462,kerewan,13.4898,-16.0888,26.62,41,0,7.19,GM,1712864951
463,balurghat,25.2167,88.7667,25.49,38,50,1.57,IN,1712864951
464,haiku-pauwela,20.9219,-156.3051,25.14,73,40,2.68,US,1712864951
465,guaruja,-23.9931,-46.2564,23.92,41,20,1.03,BR,1712864779
466,new norfolk,-42.7826,147.0587,10.95,84,81,1.24,AU,1712864952
467,i-n-salah,27.1935,2.4607,24.82,18,0,8.4,DZ,1712864952
468,shetpe,44.1667,52.1167,13.11,55,3,7.6,KZ,1712864952
469,melekeok village,7.4957,134.6367,26.31,89,40,1.54,PW,1712864952
470,aitape,-3.1374,142.3475,25.12,92,40,1.84,PG,1712864953
471,onguday,50.75,86.15,1.73,80,100,1.42,RU,1712864953
472,sao paulo de olivenca,-3.3783,-68.8725,29.66,87,72,0.77,BR,1712864953
473,nguigmi,14.2495,13.1092,30.55,11,95,6.11,NE,1712864953
474,tuapse,44.1125,39.0742,11.57,93,100,0.69,RU,1712864953
475,hohhot,40.8106,111.6522,10.16,46,0,3.0,CN,1712864953
476,bodden town,19.2833,-81.25,31.0,70,40,5.14,KY,1712864954
477,ebaye,8.7748,167.7392,28.01,74,40,9.32,MH,1712864954
478,tamanrasset,22.785,5.5228,26.95,7,0,4.63,DZ,1712864954
479,mukher,18.7,77.3667,28.53,44,97,4.4,IN,1712864954
480,bereket,39.2446,55.5154,16.1,76,100,2.18,TM,1712864955
481,peniche,39.3558,-9.3811,18.09,76,97,4.08,PT,1712864955
482,vrangel',42.7297,133.0839,4.8,97,36,2.84,RU,1712864955
483,thunder bay,48.4001,-89.3168,14.95,51,75,5.14,CA,1712864854
484,port douglas,-16.4833,145.4667,22.55,76,34,3.24,AU,1712864842
485,khilok,51.3674,110.4676,0.26,72,100,0.61,RU,1712864956
486,inari,68.906,27.0288,3.11,85,20,5.95,FI,1712864956
487,balikpapan,-1.2675,116.8289,26.55,89,40,1.03,ID,1712864956
488,agat village,13.3886,144.6585,27.52,90,20,3.09,GU,1712864956
489,punta gorda,26.9298,-82.0454,28.03,86,100,12.86,US,1712864921
490,canico,32.6333,-16.85,24.51,68,0,5.66,PT,1712864956
491,aquiraz,-3.9014,-38.3911,30.05,80,93,2.93,BR,1712864957
492,banff,51.1762,-115.5698,8.57,29,100,2.06,CA,1712864957
493,san pedro,14.35,121.0167,27.57,79,20,3.58,PH,1712864709
494,magadan,59.5667,150.8,-8.04,91,33,2.31,RU,1712864957
495,kristiansund,63.1115,7.732,9.36,76,75,13.89,NO,1712864957
496,nizhnyaya omka,55.4338,74.9426,-2.97,92,77,2.2,RU,1712864957
497,tadmur,34.5608,38.2805,17.69,62,100,3.43,SY,1712864868
498,port augusta,-32.5,137.7667,13.56,73,98,2.96,AU,1712864857
499,ipueiras,-7.0333,-40.45,26.59,75,100,1.08,BR,1712864748
500,tacuba,13.9011,-89.9297,35.25,33,37,4.02,SV,1712864958
501,severo-yeniseyskiy,60.3725,93.0408,-19.68,99,96,0.45,RU,1712864958
502,punta de bombon,-17.1717,-71.7931,22.09,80,64,3.73,PE,1712864959
503,berdyansk,46.7503,36.7944,14.72,65,0,1.27,UA,1712864959
504,bairnsdale,-37.8333,147.6167,11.7,95,0,2.17,AU,1712864721
505,kiffa,16.6166,-11.4045,36.95,13,78,4.51,MR,1712864960
506,linda,39.1277,-121.5508,29.34,50,0,0.0,US,1712864960
507,kamyzyak,46.11,48.0736,13.99,82,60,3.0,RU,1712864960
508,akrehamn,59.2667,5.1833,8.14,81,20,4.12,NO,1712864960
509,luis moya,22.4324,-102.2486,25.71,15,24,4.88,MX,1712864961
510,saint-pol-de-leon,48.6833,-3.9833,14.32,75,0,3.09,FR,1712864961
511,itaituba,-4.2761,-55.9836,28.09,89,75,4.12,BR,1712864718
512,westport,41.1415,-73.3579,15.8,87,100,2.24,US,1712864797
513,cidade velha,14.9167,-23.6167,24.26,60,0,7.72,CV,1712864961
514,oranjemund,-28.55,16.4333,25.18,32,1,4.85,NA,1712864961
515,general conesa,-40.1,-64.4333,18.25,29,97,2.94,AR,1712864961
516,poronaysk,49.2167,143.1167,1.71,84,49,1.61,RU,1712864962
517,luwingu,-10.2621,29.9271,17.87,97,100,1.07,ZM,1712864962
518,bamboo flat,11.7,92.7167,28.05,94,6,1.03,IN,1712864829
519,rome,34.257,-85.1647,22.23,70,75,5.14,US,1712864962
520,narrabri,-30.3167,149.7833,12.51,81,0,0.89,AU,1712864962
521,bonnyville,54.2668,-110.735,10.89,27,12,5.47,CA,1712864844
522,nieuw amsterdam,5.8833,-55.0833,31.01,66,40,5.14,SR,1712864962
523,papao,-17.75,-149.55,28.82,84,99,8.48,PF,1712864963
524,kavaratti,10.5669,72.642,29.25,68,0,2.44,IN,1712864832
525,chonchi,-42.6128,-73.8092,17.56,45,0,0.97,CL,1712864880
526,luanda,-8.8368,13.2343,27.0,84,40,3.6,AO,1712864917
527,sinop,41.7711,34.8709,10.08,94,33,1.54,TR,1712864963
528,machico,32.7,-16.7667,24.51,68,0,5.66,PT,1712864824
529,lockwood,45.8191,-108.4149,15.35,38,40,2.57,US,1712864964
530,bad neuenahr-ahrweiler,50.55,7.1,14.74,77,97,0.93,DE,1712864964
531,ciudad insurgentes,25.2625,-111.7753,31.45,8,100,0.73,MX,1712864964
532,labrador city,52.9463,-66.9114,3.95,70,100,2.57,CA,1712864828
533,aktau,43.65,51.2,15.32,46,1,7.47,KZ,1712864964
534,san rafael,-34.6177,-68.3301,9.46,73,100,3.3,AR,1712864718
535,daru,-9.0763,143.2092,26.89,84,100,7.51,PG,1712864849
536,tchintabaraden,15.8969,5.7985,33.78,11,100,2.56,NE,1712864965
537,karachev,53.1229,34.9852,10.81,62,84,2.91,RU,1712864965
538,mabai,23.0128,104.4508,17.46,87,100,2.15,CN,1712864965
539,borogontsy,62.6683,131.1683,0.39,99,100,2.76,RU,1712864965
540,ouro preto do oeste,-10.7481,-62.2158,29.24,75,25,1.61,BR,1712864890
541,glazunovka,52.4986,36.3275,15.4,63,100,4.39,RU,1712864965
542,aromashevo,56.8602,68.6375,-0.75,77,91,5.5,RU,1712864966
543,mana,5.6592,-53.7767,28.45,74,94,4.29,GF,1712864966
544,kutum,14.2,24.6667,25.58,11,13,3.55,SD,1712864966
545,kilindoni,-7.9139,39.6668,28.19,80,76,4.03,TZ,1712864966
546,lhokseumawe,5.1801,97.1507,25.57,86,31,1.58,ID,1712864967
547,miyaly,48.8844,53.7836,12.42,53,58,3.22,KZ,1712864967
548,kardla,58.9978,22.7492,7.81,91,100,9.54,EE,1712864967
549,al jawf,29.5,38.75,20.15,35,0,4.24,SA,1712864967
550,kaga bandoro,6.9896,19.1874,31.66,38,99,1.93,CF,1712864967
551,zvishavane,-20.3267,30.0665,17.3,76,88,5.35,ZW,1712864967
552,roccella ionica,38.322,16.4009,16.46,69,100,3.42,IT,1712864968
553,bode saadu,8.9333,4.7833,35.47,27,100,1.91,NG,1712864968
554,dolores,-36.3132,-57.6792,17.48,42,95,4.27,AR,1712864791
555,cole harbour,44.6724,-63.4751,7.66,77,100,3.13,CA,1712864968
556,mombetsu,44.3525,143.3525,5.93,66,100,2.4,JP,1712864968
557,timimoun,29.2639,0.231,25.21,12,0,4.63,DZ,1712864968
558,mpika,-11.8343,31.4529,18.26,97,100,3.07,ZM,1712864969
559,weno,7.4515,151.8468,27.97,83,100,4.12,FM,1712864833
560,malanje,-9.5402,16.341,20.86,92,100,0.47,AO,1712864969
561,dampit,-8.2116,112.7493,22.16,97,100,0.77,ID,1712864969
562,pacocha,-17.5833,-71.3333,24.08,69,0,4.63,PE,1712864969
563,muisne,0.6,-80.0333,28.21,71,37,4.01,EC,1712864861
564,kangding,30.0513,101.9603,8.19,72,64,1.9,CN,1712864970
565,san isidro de curuguaty,-24.5167,-55.7,24.48,90,100,2.09,PY,1712864970
566,zmeinogorsk,51.1567,82.195,-0.74,94,100,4.65,RU,1712864970
567,kolwezi,-10.7148,25.4667,17.34,93,100,1.78,CD,1712864970
568,kuusamo,65.9667,29.1833,3.02,65,75,5.14,FI,1712864970
569,az zawr,29.4425,48.2747,27.79,49,0,4.1,KW,1712864971
